,symboling,normalized-losses,wheel-base,length,width,height,curb-weight,engine-size,bore,stroke,compression-ratio,horsepower,peak-rpm,city-mpg,highway-mpg,fuel-type-diesel,fuel-type-gas,aspiration-std,aspiration-turbo,price
0,3,122,88.6,0.8111484863046613,0.8902777777777777,0.8160535117056856,2548,130,3.47,2.68,9.0,111,5000.0,21,27,0,1,1,0,13495.0
1,3,122,88.6,0.8111484863046613,0.8902777777777777,0.8160535117056856,2548,130,3.47,2.68,9.0,111,5000.0,21,27,0,1,1,0,16500.0
2,1,122,94.5,0.8226814031715521,0.9097222222222222,0.8762541806020067,2823,152,2.68,3.47,9.0,154,5000.0,19,26,0,1,1,0,16500.0
3,2,164,99.8,0.8486304661220567,0.9194444444444445,0.9080267558528428,2337,109,3.19,3.4,10.0,102,5500.0,24,30,0,1,1,0,13950.0
4,2,164,99.4,0.8486304661220567,0.9222222222222223,0.9080267558528428,2824,136,3.19,3.4,8.0,115,5500.0,18,22,0,1,1,0,17450.0
5,2,122,99.8,0.8519942335415667,0.9208333333333333,0.8879598662207359,2507,136,3.19,3.4,8.5,110,5500.0,19,25,0,1,1,0,15250.0
6,1,158,105.8,0.9259971167707832,0.9916666666666667,0.931438127090301,2844,136,3.19,3.4,8.5,110,5500.0,19,25,0,1,1,0,17710.0
7,1,122,105.8,0.9259971167707832,0.9916666666666667,0.931438127090301,2954,136,3.19,3.4,8.5,110,5500.0,19,25,0,1,1,0,18920.0
8,1,158,105.8,0.9259971167707832,0.9916666666666667,0.9347826086956522,3086,131,3.13,3.4,8.3,140,5500.0,17,20,0,1,0,1,23875.0
9,2,192,101.2,0.849591542527631,0.8999999999999999,0.9080267558528428,2395,108,3.5,2.8,8.8,101,5800.0,23,29,0,1,1,0,16430.0
10,0,192,101.2,0.849591542527631,0.8999999999999999,0.9080267558528428,2395,108,3.5,2.8,8.8,101,5800.0,23,29,0,1,1,0,16925.0
11,0,188,101.2,0.849591542527631,0.8999999999999999,0.9080267558528428,2710,164,3.31,3.19,9.0,121,4250.0,21,28,0,1,1,0,20970.0
12,0,188,101.2,0.849591542527631,0.8999999999999999,0.9080267558528428,2765,164,3.31,3.19,9.0,121,4250.0,21,28,0,1,1,0,21105.0
13,1,122,103.5,0.9082172032676598,0.9291666666666667,0.931438127090301,3055,164,3.31,3.19,9.0,121,4250.0,20,25,0,1,1,0,24565.0
14,0,122,103.5,0.9082172032676598,0.9291666666666667,0.931438127090301,3230,209,3.62,3.39,8.0,182,5400.0,16,22,0,1,1,0,30760.0
15,0,122,103.5,0.9312830370014417,0.9430555555555556,0.8979933110367894,3380,209,3.62,3.39,8.0,182,5400.0,16,22,0,1,1,0,41315.0
16,0,122,110.0,0.9466602594906295,0.9847222222222223,0.9414715719063546,3505,209,3.62,3.39,8.0,182,5400.0,15,20,0,1,1,0,36880.0
17,2,121,88.4,0.6780394041326285,0.8374999999999999,0.8896321070234114,1488,61,2.91,3.03,9.5,48,5100.0,47,53,0,1,1,0,5151.0
18,1,98,94.5,0.7491590581451226,0.8833333333333333,0.8695652173913044,1874,90,3.03,3.11,9.6,70,5400.0,38,43,0,1,1,0,6295.0
19,0,81,94.5,0.7630946660259491,0.8833333333333333,0.8695652173913044,1909,90,3.03,3.11,9.6,70,5400.0,38,43,0,1,1,0,6575.0
20,1,118,93.7,0.7558865929841423,0.8861111111111111,0.8494983277591973,1876,90,2.97,3.23,9.41,68,5500.0,37,41,0,1,1,0,5572.0
21,1,118,93.7,0.7558865929841423,0.8861111111111111,0.8494983277591973,1876,90,2.97,3.23,9.4,68,5500.0,31,38,0,1,1,0,6377.0
22,1,118,93.7,0.7558865929841423,0.8861111111111111,0.8494983277591973,2128,98,3.03,3.39,7.6,102,5500.0,24,30,0,1,0,1,7957.0
23,1,148,93.7,0.7558865929841423,0.8861111111111111,0.8461538461538463,1967,90,2.97,3.23,9.4,68,5500.0,31,38,0,1,1,0,6229.0
24,1,148,93.7,0.7558865929841423,0.8861111111111111,0.8461538461538463,1989,90,2.97,3.23,9.4,68,5500.0,31,38,0,1,1,0,6692.0
25,1,148,93.7,0.7558865929841423,0.8861111111111111,0.8461538461538463,1989,90,2.97,3.23,9.4,68,5500.0,31,38,0,1,1,0,7609.0
26,1,148,93.7,0.7558865929841423,0.8861111111111111,0.8461538461538463,2191,98,3.03,3.39,7.6,102,5500.0,24,30,0,1,0,1,8558.0
27,-1,110,103.3,0.8390197020663143,0.8972222222222221,1.0,2535,122,3.34,3.46,8.5,88,5000.0,24,30,0,1,1,0,8921.0
28,3,145,95.9,0.8322921672272945,0.9208333333333333,0.8394648829431439,2811,156,3.6,3.9,7.0,145,5000.0,19,24,0,1,0,1,12964.0
29,2,137,86.6,0.6948582412301778,0.8875,0.8494983277591973,1713,92,2.91,3.41,9.6,58,4800.0,49,54,0,1,1,0,6479.0
30,2,137,86.6,0.6948582412301778,0.8875,0.8494983277591973,1819,92,2.91,3.41,9.2,76,6000.0,31,38,0,1,1,0,6855.0
31,1,101,93.7,0.7208073041806824,0.8888888888888888,0.8795986622073579,1837,79,2.91,3.07,10.1,60,5500.0,38,42,0,1,1,0,5399.0
32,1,101,93.7,0.7208073041806824,0.8888888888888888,0.8795986622073579,1940,92,2.91,3.41,9.2,76,6000.0,30,34,0,1,1,0,6529.0
33,1,101,93.7,0.7208073041806824,0.8888888888888888,0.8795986622073579,1956,92,2.91,3.41,9.2,76,6000.0,30,34,0,1,1,0,7129.0
34,0,110,96.5,0.7851994233541567,0.8888888888888888,0.911371237458194,2010,92,2.91,3.41,9.2,76,6000.0,30,34,0,1,1,0,7295.0
35,0,78,96.5,0.754925516578568,0.8875,0.9749163879598662,2024,92,2.92,3.41,9.2,76,6000.0,30,34,0,1,1,0,7295.0
36,0,106,96.5,0.8049014896684287,0.9055555555555556,0.8913043478260869,2236,110,3.15,3.58,9.0,86,5800.0,27,33,0,1,1,0,7895.0
37,0,106,96.5,0.8049014896684287,0.9055555555555556,0.8913043478260869,2289,110,3.15,3.58,9.0,86,5800.0,27,33,0,1,1,0,9095.0
38,0,85,96.5,0.8428640076886112,0.9055555555555556,0.9046822742474917,2304,110,3.15,3.58,9.0,86,5800.0,27,33,0,1,1,0,8845.0
39,0,85,96.5,0.8428640076886112,0.8680555555555556,0.9046822742474917,2372,110,3.15,3.58,9.0,86,5800.0,27,33,0,1,1,0,10295.0
40,0,85,96.5,0.8428640076886112,0.9055555555555556,0.9046822742474917,2465,110,3.15,3.58,9.0,101,5800.0,24,28,0,1,1,0,12945.0
41,1,107,96.5,0.8125901009130225,0.9166666666666666,0.8528428093645485,2293,110,3.15,3.58,9.1,100,5500.0,25,31,0,1,1,0,10345.0
42,0,122,94.3,0.8202787121576165,0.8583333333333333,0.8946488294314382,2337,111,3.31,3.23,8.5,78,4800.0,24,29,0,1,1,0,6785.0
43,2,122,96.0,0.8294089380105718,0.9055555555555556,0.8595317725752508,2734,119,3.43,3.23,9.2,90,5000.0,24,29,0,1,1,0,11048.0
44,0,145,113.0,0.9591542527630946,0.9666666666666666,0.882943143812709,4066,258,3.63,4.17,8.1,176,4750.0,15,19,0,1,1,0,32250.0
45,0,122,113.0,0.9591542527630946,0.9666666666666666,0.882943143812709,4066,258,3.63,4.17,8.1,176,4750.0,15,19,0,1,1,0,35550.0
46,0,122,102.0,0.921191734742912,0.9805555555555555,0.7993311036789298,3950,326,3.54,2.76,11.5,262,5000.0,13,17,0,1,1,0,36000.0
47,1,104,93.1,0.7645362806343105,0.8916666666666667,0.9046822742474917,1890,91,3.03,3.15,9.0,68,5000.0,30,31,0,1,1,0,5195.0
48,1,104,93.1,0.7645362806343105,0.8916666666666667,0.9046822742474917,1900,91,3.03,3.15,9.0,68,5000.0,31,38,0,1,1,0,6095.0
49,1,104,93.1,0.7645362806343105,0.8916666666666667,0.9046822742474917,1905,91,3.03,3.15,9.0,68,5000.0,31,38,0,1,1,0,6795.0
50,1,113,93.1,0.8015377222489188,0.8916666666666667,0.9046822742474917,1945,91,3.03,3.15,9.0,68,5000.0,31,38,0,1,1,0,6695.0
51,1,113,93.1,0.8015377222489188,0.8916666666666667,0.9046822742474917,1950,91,3.08,3.15,9.0,68,5000.0,31,38,0,1,1,0,7395.0
52,3,150,95.3,0.8121095627102355,0.9125000000000001,0.8294314381270904,2380,70,3.3297512437810957,3.2554228855721337,9.4,101,6000.0,17,23,0,1,1,0,10945.0
53,3,150,95.3,0.8121095627102355,0.9125000000000001,0.8294314381270904,2380,70,3.3297512437810957,3.2554228855721337,9.4,101,6000.0,17,23,0,1,1,0,11845.0
54,3,150,95.3,0.8121095627102355,0.9125000000000001,0.8294314381270904,2385,70,3.3297512437810957,3.2554228855721337,9.4,101,6000.0,17,23,0,1,1,0,13645.0
55,3,150,95.3,0.8121095627102355,0.9125000000000001,0.8294314381270904,2500,80,3.3297512437810957,3.2554228855721337,9.4,135,6000.0,16,23,0,1,1,0,15645.0
56,1,129,98.8,0.8543969245555022,0.9236111111111112,0.8979933110367894,2385,122,3.39,3.39,8.6,84,4800.0,26,32,0,1,1,0,8845.0
57,0,115,98.8,0.8543969245555022,0.9236111111111112,0.9280936454849499,2410,122,3.39,3.39,8.6,84,4800.0,26,32,0,1,1,0,8495.0
58,1,129,98.8,0.8543969245555022,0.9236111111111112,0.8979933110367894,2385,122,3.39,3.39,8.6,84,4800.0,26,32,0,1,1,0,10595.0
59,0,115,98.8,0.8543969245555022,0.9236111111111112,0.9280936454849499,2410,122,3.39,3.39,8.6,84,4800.0,26,32,0,1,1,0,10245.0
60,0,122,98.8,0.8543969245555022,0.9236111111111112,0.9280936454849499,2443,122,3.39,3.39,22.7,64,4650.0,36,42,1,0,1,0,10795.0
61,0,115,98.8,0.8543969245555022,0.9236111111111112,0.9280936454849499,2425,122,3.39,3.39,8.6,84,4800.0,26,32,0,1,1,0,11245.0
62,0,118,104.9,0.8409418548774628,0.9180555555555555,0.9096989966555185,2670,140,3.76,3.16,8.0,120,5000.0,19,27,0,1,1,0,18280.0
63,0,122,104.9,0.8409418548774628,0.9180555555555555,0.9096989966555185,2700,134,3.43,3.64,22.0,72,4200.0,31,39,1,0,1,0,18344.0
64,-1,93,110.0,0.9173474291206152,0.9763888888888889,0.9448160535117057,3515,183,3.58,3.64,21.5,123,4350.0,22,25,1,0,0,1,25552.0
65,-1,93,110.0,0.9173474291206152,0.9763888888888889,0.9816053511705687,3750,183,3.58,3.64,21.5,123,4350.0,22,25,1,0,0,1,28248.0
66,0,93,106.7,0.9010091302258529,0.9763888888888889,0.9180602006688964,3495,183,3.58,3.64,21.5,123,4350.0,22,25,1,0,0,1,28176.0
67,-1,93,115.6,0.9735703988467083,0.9958333333333333,0.9414715719063546,3770,183,3.58,3.64,21.5,123,4350.0,22,25,1,0,0,1,31600.0
68,-1,122,115.6,0.9735703988467083,0.9958333333333333,0.9448160535117057,3740,234,3.46,3.1,8.3,155,4750.0,16,18,0,1,1,0,34184.0
69,3,142,96.6,0.8664103796251803,0.9791666666666666,0.8494983277591973,3685,234,3.46,3.1,8.3,155,4750.0,16,18,0,1,1,0,35056.0
70,0,122,120.9,1.0,0.9958333333333333,0.948160535117057,3900,308,3.8,3.35,8.0,184,4500.0,14,16,0,1,1,0,40960.0
71,1,122,112.0,0.9572320999519461,1.0,0.9264214046822743,3715,304,3.8,3.35,8.0,184,4500.0,14,16,0,1,1,0,45400.0
72,1,122,102.7,0.857280153772225,0.9444444444444444,0.9163879598662207,2910,140,3.78,3.12,8.0,175,5000.0,19,24,0,1,0,1,16503.0
73,2,161,93.7,0.7558865929841423,0.8944444444444445,0.8494983277591973,1918,92,2.97,3.23,9.4,68,5500.0,37,41,0,1,1,0,5389.0
74,2,161,93.7,0.7558865929841423,0.8944444444444445,0.8494983277591973,1944,92,2.97,3.23,9.4,68,5500.0,31,38,0,1,1,0,6189.0
75,2,161,93.7,0.7558865929841423,0.8944444444444445,0.8494983277591973,2004,92,2.97,3.23,9.4,68,5500.0,31,38,0,1,1,0,6669.0
76,1,161,93.0,0.7558865929841423,0.8861111111111111,0.8494983277591973,2145,98,3.03,3.39,7.6,102,5500.0,24,30,0,1,0,1,7689.0
77,3,153,96.3,0.8313310908217203,0.9083333333333334,0.8260869565217391,2370,110,3.17,3.46,7.5,116,5500.0,23,30,0,1,0,1,9959.0
78,3,153,96.3,0.8313310908217203,0.9083333333333334,0.8260869565217391,2328,122,3.35,3.46,8.5,88,5000.0,25,32,0,1,1,0,8499.0
79,3,122,95.9,0.8322921672272945,0.9208333333333333,0.8394648829431439,2833,156,3.58,3.86,7.0,145,5000.0,19,24,0,1,0,1,12629.0
80,3,122,95.9,0.8322921672272945,0.9208333333333333,0.8394648829431439,2921,156,3.59,3.86,7.0,145,5000.0,19,24,0,1,0,1,14869.0
81,3,122,95.9,0.8322921672272945,0.9208333333333333,0.8394648829431439,2926,156,3.59,3.86,7.0,145,5000.0,19,24,0,1,0,1,14489.0
82,1,125,96.3,0.8284478616049976,0.9083333333333334,0.8628762541806021,2365,122,3.35,3.46,8.5,88,5000.0,25,32,0,1,1,0,6989.0
83,1,125,96.3,0.8284478616049976,0.9083333333333334,0.8628762541806021,2405,122,3.35,3.46,8.5,88,5000.0,25,32,0,1,1,0,8189.0
84,1,125,96.3,0.8284478616049976,0.9083333333333334,0.8628762541806021,2403,110,3.17,3.46,7.5,116,5500.0,23,30,0,1,0,1,9279.0
85,-1,137,96.3,0.8284478616049976,0.9083333333333334,0.8628762541806021,2403,110,3.17,3.46,7.5,116,5500.0,23,30,0,1,1,0,9279.0
86,1,128,94.5,0.794329649207112,0.8861111111111111,0.911371237458194,1889,97,3.15,3.29,9.4,69,5200.0,31,37,0,1,1,0,5499.0
87,1,128,94.5,0.794329649207112,0.8861111111111111,0.911371237458194,2017,103,2.99,3.47,21.9,55,4800.0,45,50,1,0,1,0,7099.0
88,1,128,94.5,0.794329649207112,0.8861111111111111,0.911371237458194,1918,97,3.15,3.29,9.4,69,5200.0,31,37,0,1,1,0,6649.0
89,1,122,94.5,0.794329649207112,0.8861111111111111,0.911371237458194,1938,97,3.15,3.29,9.4,69,5200.0,31,37,0,1,1,0,6849.0
90,1,103,94.5,0.8178760211436809,0.8861111111111111,0.8946488294314382,2024,97,3.15,3.29,9.4,69,5200.0,31,37,0,1,1,0,7349.0
91,1,128,94.5,0.794329649207112,0.8861111111111111,0.911371237458194,1951,97,3.15,3.29,9.4,69,5200.0,31,37,0,1,1,0,7299.0
92,1,128,94.5,0.7957712638154734,0.8861111111111111,0.8913043478260869,2028,97,3.15,3.29,9.4,69,5200.0,31,37,0,1,1,0,7799.0
93,1,122,94.5,0.794329649207112,0.8861111111111111,0.911371237458194,1971,97,3.15,3.29,9.4,69,5200.0,31,37,0,1,1,0,7499.0
94,1,103,94.5,0.8178760211436809,0.8861111111111111,0.8946488294314382,2037,97,3.15,3.29,9.4,69,5200.0,31,37,0,1,1,0,7999.0
95,2,168,95.1,0.7803940413262855,0.8861111111111111,0.8913043478260869,2008,97,3.15,3.29,9.4,69,5200.0,31,37,0,1,1,0,8249.0
96,0,106,97.2,0.8332532436328689,0.9055555555555556,0.9147157190635452,2324,120,3.33,3.47,8.5,97,5200.0,27,34,0,1,1,0,8949.0
97,0,106,97.2,0.8332532436328689,0.9055555555555556,0.9147157190635452,2302,120,3.33,3.47,8.5,97,5200.0,27,34,0,1,1,0,9549.0
98,0,128,100.4,0.8731379144641999,0.9236111111111112,0.9214046822742475,3095,181,3.43,3.27,9.0,152,5200.0,17,22,0,1,1,0,13499.0
99,0,108,100.4,0.8870735223450265,0.9236111111111112,0.9381270903010034,3296,181,3.43,3.27,9.0,152,5200.0,17,22,0,1,1,0,14399.0
100,0,108,100.4,0.8870735223450265,0.9236111111111112,0.9214046822742475,3060,181,3.43,3.27,9.0,152,5200.0,19,25,0,1,1,0,13499.0
101,3,194,91.3,0.8202787121576165,0.9430555555555556,0.831103678929766,3071,181,3.43,3.27,9.0,160,5200.0,19,25,0,1,1,0,17199.0
102,3,194,91.3,0.8202787121576165,0.9430555555555556,0.831103678929766,3139,181,3.43,3.27,7.8,200,5200.0,17,23,0,1,0,1,19699.0
103,1,231,99.2,0.857760691975012,0.9430555555555556,0.831103678929766,3139,181,3.43,3.27,9.0,160,5200.0,19,25,0,1,1,0,18399.0
104,0,161,107.9,0.897164824603556,0.9500000000000001,0.948160535117057,3020,120,3.46,3.19,8.4,97,5000.0,19,24,0,1,1,0,11900.0
105,0,161,107.9,0.897164824603556,0.9500000000000001,0.948160535117057,3197,152,3.7,3.52,21.0,95,4150.0,28,33,1,0,0,1,13200.0
106,0,122,114.2,0.9557904853435849,0.9500000000000001,0.9816053511705687,3230,120,3.46,3.19,8.4,97,5000.0,19,24,0,1,1,0,12440.0
107,0,122,114.2,0.9557904853435849,0.9500000000000001,0.9816053511705687,3430,152,3.7,3.52,21.0,95,4150.0,25,25,1,0,0,1,13860.0
108,0,161,107.9,0.897164824603556,0.9500000000000001,0.948160535117057,3075,120,3.46,2.19,8.4,95,5000.0,19,24,0,1,1,0,15580.0
109,0,161,107.9,0.897164824603556,0.9500000000000001,0.948160535117057,3252,152,3.7,3.52,21.0,95,4150.0,28,33,1,0,0,1,16900.0
110,0,122,114.2,0.9557904853435849,0.9500000000000001,0.948160535117057,3285,120,3.46,2.19,8.4,95,5000.0,19,24,0,1,1,0,16695.0
111,0,122,114.2,0.9557904853435849,0.9500000000000001,0.9816053511705687,3485,152,3.7,3.52,21.0,95,4150.0,25,25,1,0,0,1,17075.0
112,0,161,107.9,0.897164824603556,0.9500000000000001,0.948160535117057,3075,120,3.46,3.19,8.4,97,5000.0,19,24,0,1,1,0,16630.0
113,0,161,107.9,0.897164824603556,0.9500000000000001,0.948160535117057,3252,152,3.7,3.52,21.0,95,4150.0,28,33,1,0,0,1,17950.0
114,0,161,108.0,0.897164824603556,0.9486111111111111,0.9364548494983278,3130,134,3.61,3.21,7.0,142,5600.0,18,24,0,1,0,1,18150.0
115,1,119,93.7,0.7558865929841423,0.8861111111111111,0.8494983277591973,1918,90,2.97,3.23,9.4,68,5500.0,37,41,0,1,1,0,5572.0
116,1,119,93.7,0.7558865929841423,0.8861111111111111,0.8494983277591973,2128,98,3.03,3.39,7.6,102,5500.0,24,30,0,1,0,1,7957.0
117,1,154,93.7,0.7558865929841423,0.8861111111111111,0.8461538461538463,1967,90,2.97,3.23,9.4,68,5500.0,31,38,0,1,1,0,6229.0
118,1,154,93.7,0.8039404132628545,0.8861111111111111,0.8494983277591973,1989,90,2.97,3.23,9.4,68,5500.0,31,38,0,1,1,0,6692.0
119,1,154,93.7,0.8039404132628545,0.8861111111111111,0.8494983277591973,2191,98,2.97,3.23,9.4,68,5500.0,31,38,0,1,1,0,7609.0
120,-1,74,103.3,0.8390197020663143,0.8972222222222221,1.0,2535,122,3.35,3.46,8.5,88,5000.0,24,30,0,1,1,0,8921.0
121,3,122,95.9,0.8322921672272945,0.9208333333333333,0.8394648829431439,2818,156,3.59,3.86,7.0,145,5000.0,19,24,0,1,0,1,12764.0
122,3,186,94.5,0.8116290245074483,0.9486111111111111,0.8394648829431439,2778,151,3.94,3.11,9.5,143,5500.0,19,27,0,1,1,0,22018.0
123,3,122,89.5,0.8116290245074483,0.9027777777777778,0.8628762541806021,2756,194,3.74,2.9,9.5,207,5900.0,17,25,0,1,1,0,32528.0
124,3,122,89.5,0.8116290245074483,0.9027777777777778,0.8628762541806021,2756,194,3.74,2.9,9.5,207,5900.0,17,25,0,1,1,0,34028.0
125,3,122,89.5,0.8116290245074483,0.9027777777777778,0.8628762541806021,2800,194,3.74,2.9,9.5,207,5900.0,17,25,0,1,1,0,37028.0
126,0,122,96.1,0.8721768380586257,0.9236111111111112,0.9230769230769231,2579,132,3.46,3.9,8.7,104,5125.369458128079,23,31,0,1,1,0,9295.0
127,2,122,96.1,0.849591542527631,0.9249999999999999,0.8444816053511706,2460,132,3.46,3.9,8.7,104,5125.369458128079,23,31,0,1,1,0,9895.0
128,3,150,99.1,0.8966842864007688,0.9236111111111112,0.9381270903010034,2658,121,3.54,3.07,9.31,110,5250.0,21,28,0,1,1,0,11850.0
129,2,104,99.1,0.8966842864007688,0.9236111111111112,0.9381270903010034,2695,121,3.54,3.07,9.3,110,5250.0,21,28,0,1,1,0,12170.0
130,3,150,99.1,0.8966842864007688,0.9236111111111112,0.9381270903010034,2707,121,2.54,2.07,9.3,110,5250.0,21,28,0,1,1,0,15040.0
131,2,104,99.1,0.8966842864007688,0.9236111111111112,0.9381270903010034,2758,121,3.54,3.07,9.3,110,5250.0,21,28,0,1,1,0,15510.0
132,3,150,99.1,0.8966842864007688,0.9236111111111112,0.9381270903010034,2808,121,3.54,3.07,9.0,160,5500.0,19,26,0,1,0,1,18150.0
133,2,104,99.1,0.8966842864007688,0.9236111111111112,0.9381270903010034,2847,121,3.54,3.07,9.0,160,5500.0,19,26,0,1,0,1,18620.0
134,2,83,93.7,0.7539644401729938,0.8805555555555555,0.8979933110367894,2050,97,3.62,2.36,9.0,69,4900.0,31,36,0,1,1,0,5118.0
135,2,83,93.7,0.758769822200865,0.8833333333333333,0.8979933110367894,2120,108,3.62,2.64,8.7,73,4400.0,26,31,0,1,1,0,7053.0
136,2,83,93.3,0.7558865929841423,0.8861111111111111,0.931438127090301,2240,108,3.62,2.64,8.7,73,4400.0,26,31,0,1,1,0,7603.0
137,0,102,97.2,0.8265257087938491,0.9083333333333334,0.8779264214046824,2145,108,3.62,2.64,9.5,82,4800.0,32,37,0,1,1,0,7126.0
138,0,102,97.2,0.8265257087938491,0.9083333333333334,0.8779264214046824,2190,108,3.62,2.64,9.5,82,4400.0,28,33,0,1,1,0,7775.0
139,0,102,97.2,0.8265257087938491,0.9083333333333334,0.8779264214046824,2340,108,3.62,2.64,9.0,94,5200.0,26,32,0,1,1,0,9960.0
140,0,102,97.0,0.8265257087938491,0.9083333333333334,0.9080267558528428,2385,108,3.62,2.64,9.0,82,4800.0,24,25,0,1,1,0,9233.0
141,0,102,97.0,0.8265257087938491,0.9083333333333334,0.9080267558528428,2510,108,3.62,2.64,7.7,111,4800.0,24,29,0,1,0,1,11259.0
142,0,89,97.0,0.8337337818356559,0.9083333333333334,0.8862876254180603,2290,108,3.62,2.64,9.0,82,4800.0,28,32,0,1,1,0,7463.0
143,0,89,97.0,0.8337337818356559,0.9083333333333334,0.8862876254180603,2455,108,3.62,2.64,9.0,94,5200.0,25,31,0,1,1,0,10198.0
144,0,85,96.9,0.8342143200384431,0.9083333333333334,0.9180602006688964,2420,108,3.62,2.64,9.0,82,4800.0,23,29,0,1,1,0,8013.0
145,0,85,96.9,0.8342143200384431,0.9083333333333334,0.9180602006688964,2650,108,3.62,2.64,7.7,111,4800.0,23,23,0,1,0,1,11694.0
146,1,87,95.7,0.762614127823162,0.8833333333333333,0.911371237458194,1985,92,3.05,3.03,9.0,62,4800.0,35,39,0,1,1,0,5348.0
147,1,87,95.7,0.762614127823162,0.8833333333333333,0.911371237458194,2040,92,3.05,3.03,9.0,62,4800.0,31,38,0,1,1,0,6338.0
148,1,74,95.7,0.762614127823162,0.8833333333333333,0.911371237458194,2015,92,3.05,3.03,9.0,62,4800.0,31,38,0,1,1,0,6488.0
149,0,77,95.7,0.8154733301297453,0.8833333333333333,0.988294314381271,2280,92,3.05,3.03,9.0,62,4800.0,31,37,0,1,1,0,6918.0
150,0,81,95.7,0.8154733301297453,0.8833333333333333,0.988294314381271,2290,92,3.05,3.03,9.0,62,4800.0,27,32,0,1,1,0,7898.0
151,0,91,95.7,0.8154733301297453,0.8833333333333333,0.988294314381271,3110,92,3.05,3.03,9.0,62,4800.0,27,32,0,1,1,0,8778.0
152,0,91,95.7,0.7991350312349833,0.8944444444444445,0.8862876254180603,2081,98,3.19,3.03,9.0,70,4800.0,30,37,0,1,1,0,6938.0
153,0,91,95.7,0.7991350312349833,0.8944444444444445,0.882943143812709,2109,98,3.19,3.03,9.0,70,4800.0,30,37,0,1,1,0,7198.0
154,0,91,95.7,0.7991350312349833,0.8944444444444445,0.8862876254180603,2275,110,3.27,3.35,22.5,56,4500.0,34,36,1,0,1,0,7898.0
155,0,91,95.7,0.7991350312349833,0.8944444444444445,0.882943143812709,2275,110,3.27,3.35,22.5,56,4500.0,38,47,1,0,1,0,7788.0
156,0,91,95.7,0.7991350312349833,0.8944444444444445,0.8862876254180603,2094,98,3.19,3.03,9.0,70,4800.0,38,47,0,1,1,0,7738.0
157,0,91,95.7,0.7991350312349833,0.8944444444444445,0.882943143812709,2122,98,3.19,3.03,9.0,70,4800.0,28,34,0,1,1,0,8358.0
158,0,91,95.7,0.7991350312349833,0.8944444444444445,0.882943143812709,2140,98,3.19,3.03,9.0,70,4800.0,28,34,0,1,1,0,9258.0
159,1,168,94.5,0.810667948101874,0.8888888888888888,0.8795986622073579,2169,98,3.19,3.03,9.0,70,4800.0,29,34,0,1,1,0,8058.0
160,1,168,94.5,0.810667948101874,0.8888888888888888,0.8795986622073579,2204,98,3.19,3.03,9.0,70,4800.0,29,34,0,1,1,0,8238.0
161,1,168,94.5,0.810667948101874,0.8888888888888888,0.8795986622073579,2265,98,3.24,3.08,9.4,112,6600.0,26,29,0,1,1,0,9298.0
162,1,168,94.5,0.810667948101874,0.8888888888888888,0.8795986622073579,2300,98,3.24,3.08,9.4,112,6600.0,26,29,0,1,1,0,9538.0
163,2,134,98.4,0.8467083133109082,0.911111111111111,0.8695652173913044,2540,146,3.62,3.5,9.3,116,4800.0,24,30,0,1,1,0,8449.0
164,2,134,98.4,0.8467083133109082,0.911111111111111,0.8695652173913044,2536,146,3.62,3.5,9.3,116,4800.0,24,30,0,1,1,0,9639.0
165,2,134,98.4,0.8467083133109082,0.911111111111111,0.8695652173913044,2551,146,3.62,3.5,9.3,116,4800.0,24,30,0,1,1,0,9989.0
166,2,134,98.4,0.8467083133109082,0.911111111111111,0.8695652173913044,2679,146,3.62,3.5,9.3,116,4800.0,24,30,0,1,1,0,11199.0
167,2,134,98.4,0.8467083133109082,0.911111111111111,0.8695652173913044,2714,146,3.62,3.5,9.3,116,4800.0,24,30,0,1,1,0,11549.0
168,2,134,98.4,0.8467083133109082,0.911111111111111,0.8862876254180603,2975,146,3.62,3.5,9.3,116,4800.0,24,30,0,1,1,0,17669.0
169,-1,65,102.4,0.8438250840941854,0.9236111111111112,0.9180602006688964,2326,122,3.31,3.54,8.7,92,4200.0,29,34,0,1,1,0,8948.0
170,-1,65,102.4,0.8438250840941854,0.9236111111111112,0.9180602006688964,2480,110,3.27,3.35,22.5,73,4500.0,30,33,1,0,0,1,10698.0
171,-1,65,102.4,0.8438250840941854,0.9236111111111112,0.9013377926421405,2414,122,3.31,3.54,8.7,92,4200.0,27,32,0,1,1,0,9988.0
172,-1,65,102.4,0.8438250840941854,0.9236111111111112,0.9180602006688964,2414,122,3.31,3.54,8.7,92,4200.0,27,32,0,1,1,0,10898.0
173,-1,65,102.4,0.8438250840941854,0.9236111111111112,0.9013377926421405,2458,122,3.31,3.54,8.7,92,4200.0,27,32,0,1,1,0,11248.0
174,3,197,102.9,0.8817876021143681,0.9402777777777778,0.8695652173913044,2976,171,3.27,3.35,9.3,161,5200.0,20,24,0,1,1,0,16558.0
175,3,197,102.9,0.8817876021143681,0.9402777777777778,0.8695652173913044,3016,171,3.27,3.35,9.3,161,5200.0,19,24,0,1,1,0,15998.0
176,-1,90,104.5,0.9024507448342144,0.9236111111111112,0.9046822742474917,3131,171,3.27,3.35,9.2,156,5200.0,20,24,0,1,1,0,15690.0
177,-1,122,104.5,0.9024507448342144,0.9236111111111112,0.9046822742474917,3151,161,3.27,3.35,9.2,156,5200.0,19,24,0,1,1,0,15750.0
178,2,122,97.3,0.8250840941854877,0.9097222222222222,0.931438127090301,2261,97,3.01,3.4,23.0,52,4800.0,37,46,1,0,1,0,7775.0
179,2,122,97.3,0.8250840941854877,0.9097222222222222,0.931438127090301,2209,109,3.19,3.4,9.0,85,5250.0,27,34,0,1,1,0,7975.0
180,2,94,97.3,0.8250840941854877,0.9097222222222222,0.931438127090301,2264,97,3.01,3.4,23.0,52,4800.0,37,46,1,0,1,0,7995.0
181,2,94,97.3,0.8250840941854877,0.9097222222222222,0.931438127090301,2212,109,3.19,3.4,9.0,85,5250.0,27,34,0,1,1,0,8195.0
182,2,94,97.3,0.8250840941854877,0.9097222222222222,0.931438127090301,2275,109,3.19,3.4,9.0,85,5250.0,27,34,0,1,1,0,8495.0
183,2,94,97.3,0.8250840941854877,0.9097222222222222,0.931438127090301,2319,97,3.01,3.4,23.0,68,4500.0,37,42,1,0,0,1,9495.0
184,2,94,97.3,0.8250840941854877,0.9097222222222222,0.931438127090301,2300,109,3.19,3.4,10.0,100,5500.0,26,32,0,1,1,0,9995.0
185,3,122,94.5,0.7654973570398848,0.8916666666666667,0.9297658862876255,2254,109,3.19,3.4,8.5,90,5500.0,24,29,0,1,1,0,11595.0
186,3,256,94.5,0.7962518020182604,0.8888888888888888,0.8595317725752508,2221,109,3.19,3.4,8.5,90,5500.0,24,29,0,1,1,0,9980.0
187,0,122,100.4,0.865929841422393,0.9291666666666667,0.9214046822742475,2661,136,3.19,3.4,8.5,110,5500.0,19,24,0,1,1,0,13295.0
188,0,122,100.4,0.865929841422393,0.9291666666666667,0.9214046822742475,2579,97,3.01,3.4,23.0,68,4500.0,33,38,1,0,0,1,13845.0
189,0,122,100.4,0.8798654493032196,0.9291666666666667,0.9214046822742475,2563,109,3.19,3.4,9.0,88,5500.0,25,31,0,1,1,0,12290.0
190,-2,103,104.3,0.9072561268620856,0.9333333333333333,0.939799331103679,2912,141,3.78,3.15,9.5,114,5400.0,23,28,0,1,1,0,12940.0
191,-1,74,104.3,0.9072561268620856,0.9333333333333333,0.9615384615384616,3034,141,3.78,3.15,9.5,114,5400.0,23,28,0,1,1,0,13415.0
192,-2,103,104.3,0.9072561268620856,0.9333333333333333,0.939799331103679,2935,141,3.78,3.15,9.5,114,5400.0,24,28,0,1,1,0,15985.0
193,-1,74,104.3,0.9072561268620856,0.9333333333333333,0.9615384615384616,3042,141,3.78,3.15,9.5,114,5400.0,24,28,0,1,1,0,16515.0
194,-2,103,104.3,0.9072561268620856,0.9333333333333333,0.939799331103679,3045,130,3.62,3.15,7.5,162,5100.0,17,22,0,1,0,1,18420.0
195,-1,74,104.3,0.9072561268620856,0.9333333333333333,0.9615384615384616,3157,130,3.62,3.15,7.5,162,5100.0,17,22,0,1,0,1,18950.0
196,-1,95,109.1,0.9072561268620856,0.9569444444444445,0.9280936454849499,2952,141,3.78,3.15,9.5,114,5400.0,23,28,0,1,1,0,16845.0
197,-1,95,109.1,0.9072561268620856,0.9555555555555555,0.9280936454849499,3049,141,3.78,3.15,8.7,160,5300.0,19,25,0,1,0,1,19045.0
198,-1,95,109.1,0.9072561268620856,0.9569444444444445,0.9280936454849499,3012,173,3.58,2.87,8.8,134,5500.0,18,23,0,1,1,0,21485.0
199,-1,95,109.1,0.9072561268620856,0.9569444444444445,0.9280936454849499,3217,145,3.01,3.4,23.0,106,4800.0,26,27,1,0,0,1,22470.0
200,-1,95,109.1,0.9072561268620856,0.9569444444444445,0.9280936454849499,3062,141,3.78,3.15,9.5,114,5400.0,19,25,0,1,0,1,22625.0
